<categories>
<category code='HA'>Home affairs</category>
<category code='TC'>Tourism and Civil Aviation</category>
<category code='DF'>Defense</category>
<category code='SE'>Security</category>
<category code='PS'>Public service</category>
<category code='FR'>Forestry</category>
<category code='ED'>Education</category>
<category code='GA'>General Administration</category>
<category code='HE'>Health </category>
<category code='LJ'>Law and justice</category>
<category code='LD'>Local Development</category>
<category code='ST'>Science and Technology</category>
<category code='EN'>Energy</category>
<category code='SW'>Social Welfare</category>
<category code='EV'>Environment</category>
<category code='IN'>Industry</category>
<category code='SP'>Sports</category>
<category code='AG'>Agriculture</category>
</categories>
