<districts>
<district code='1'>Achham</district>
<district code='2'>Arghakhanchi</district>
<district code='3'>Baglung</district>
<district code='4'>Baitadi</district>
<district code='5'>Bajhang</district>
<district code='6'>Bajura</district>
<district code='7'>Banke</district>
<district code='8'>Bara</district>
<district code='9'>Bardiya</district>
<district code='10'>Bhaktapur </district>
<district code='11'>Bhojpur</district>
<district code='12'>Chitwan</district>
<district code='13'>Dadeldhura</district>
<district code='14'>Dailekh</district>
<district code='15'>Dang</district>
<district code='16'>Darchula</district>
<district code='17'>Dhading</district>
<district code='18'>Dhankuta</district>
<district code='19'>Dhanusa</district>
<district code='20'>Dolkha</district>
<district code='21'>Dolpa</district>
<district code='22'>Doti</district>
<district code='23'>Gorkha</district>
<district code='24'>Gulmi</district>
<district code='25'>Humla</district>
<district code='26'>Ilam</district>
<district code='27'>Jajarkot</district>
<district code='28'>Jhapa</district>
<district code='29'>Jumla</district>
<district code='30'>Kailali</district>
<district code='31'>Kalikot</district>
<district code='32'>Kanchanpur</district>
<district code='33'>Kapilvastu</district>
<district code='34'>Kaski</district>
<district code='35'>Kathmandu</district>
<district code='36'>Kavre</district>
<district code='37'>Khotang</district>
<district code='38'>Lalitpur</district>
<district code='39'>Lamjung</district>
<district code='40'>Mahottari</district>
<district code='41'>Makawanpur</district>
<district code='42'>Manang</district>
<district code='43'>Morang</district>
<district code='44'>Mugu</district>
<district code='45'>Mustang</district>
<district code='46'>Myagdi</district>
<district code='47'>Nawalparasi</district>
<district code='48'>Nuwakot</district>
<district code='49'>Okhaldhunga</district>
<district code='50'>Palpa</district>
<district code='51'>Panchthar</district>
<district code='52'>Parbat</district>
<district code='53'>Parsa</district>
<district code='54'>Pyuthan</district>
<district code='55'>Ramechhap</district>
<district code='56'>Rasuwa</district>
<district code='57'>Rautahat</district>
<district code='58'>Rolpa</district>
<district code='59'>Rukum</district>
<district code='60'>Rupendehi</district>
<district code='61'>Salyan</district>
<district code='62'>Sankhuwasabha</district>
<district code='63'>Saptari</district>
<district code='64'>Sarlahi</district>
<district code='65'>Sindhuli</district>
<district code='66'>Sindhupalchowk</district>
<district code='67'>Siraha</district>
<district code='68'>Solukhumbu</district>
<district code='69'>Sunsari</district>
<district code='70'>Surkhet</district>
<district code='71'>Syangja</district>
<district code='72'>Tanahu</district>
<district code='73'>Taplejung</district>
<district code='74'>Teharthum</district>
<district code='75'>Udaypur</district>
</districts>
